iteration,obscuration_time,speed,angle,angle_deg,t_deploy,t_fuse
1,0.0,76.19221723817172,2.2697717622011586,130.0483424320979,4.0254099665958005,13.752879768851596
2,0.0,92.82324997093849,0.7574933570188409,43.40117236637606,9.71932913440471,2.5680229716617458
3,0.0,98.60810408451555,3.912027497418054,224.14266494118004,7.177402304130659,0.3929457126134359
4,0.0,77.26823588024986,0.6668679043018608,38.2087164092307,3.0296507853042023,4.020526372363177
5,0.0,130.98039986725925,1.8920399834074713,108.40590571925041,1.9101402597705892,15.355180861468067
6,0.0,139.6799582402179,0.9861054311888329,56.49967936204834,14.504507765301192,12.896009530186372
7,0.0,116.5127646940663,5.683113584115209,325.61842286326805,4.839823319829825,14.15389573143911
8,0.0,105.28769778639347,0.1484441485400616,8.505223204758611,2.96442879623498,9.699861211269598
9,0.0,130.53377521145202,3.4191507392807297,195.9029068798211,8.487522302272888,16.939258082073437
10,0.0,97.995469703385,4.2676725244158025,244.51962399296727,3.8479403046277763,7.709363422933553
11,0.0,112.06061286932804,1.3540168605778184,77.57945150066261,9.604145200812106,1.5538687772771382
12,0.0,74.63234915394895,6.042637363994513,346.21761808494256,4.709900624497379,14.510674581167983
13,0.0,82.16717765538624,3.8866425479779494,222.68821447510908,5.9822919057207,15.9828480892339
14,0.0,110.58055258203919,1.264887744307058,72.47272930661725,10.366909816036264,12.00696729058501
15,0.0,131.68691887570324,2.477497200981701,141.95013337172614,2.3618592052329586,8.262546902087376
16,0.0,121.18082993798231,0.41597011861365685,23.833332200118782,5.876333090537071,9.070866556766486
17,0.0,90.09512215853688,0.8511527185184078,48.76745849219132,3.1899565978611015,6.674219133260242
18,0.0,83.07780314960854,1.591639751040991,91.19424023990186,7.4032393925467845,5.368002051720931
19,0.0,73.10523784960633,0.7132386821527339,40.865566272824445,6.847672631556272,4.090975388731192
20,0.0,109.95472982858958,4.7189294494704805,270.3747412746516,13.693795880090903,15.67376196425684
21,0.0,129.04844497897122,2.3718431803961675,135.89660390358677,1.0724809163816476,2.9001806496761198
22,0.0,113.36163712203422,6.148612723130403,352.28955889581226,5.111737689546855,3.720904779351769
23,0.0,82.43250447765425,1.772218996739971,101.54066888610934,0.260445276206573,8.933341005523868
24,0.0,73.64430557980106,5.921939732465696,339.30215320111625,7.077773683457149,12.567622158843793
25,0.0,115.58417171917071,6.2232411196109645,356.5654510459774,0.864670069374049,6.596189524698087
26,0.0,137.78408709035352,4.705840721075499,269.6248123784261,12.8151339887111,12.266709583860955
27,0.0,138.3790414471462,4.418233218479544,253.14611632338,5.594310122169828,13.278790393696388
28,0.0,115.3192758143914,5.948688183344917,340.8347265450086,1.5902682514123132,9.466082842837496
29,0.0,97.62761315982075,4.07526887686819,233.49570702556645,10.309629611808568,9.534379924058328
30,0.0,92.06815600372593,1.1469712181069804,65.71661002050901,7.670983863197024,13.86534373512416
31,0.0,119.23215455474968,5.274132582839904,302.1855375891585,14.715525343339348,4.839022267601527
32,0.0,92.73106408744371,1.3221377271394867,75.75291170011182,12.96288054458073,6.749999166707166
33,0.0,138.7957050225939,4.824613707943982,276.4300032461529,12.160429872646034,2.265173178041648
34,0.0,127.49343129526643,5.47362269575301,313.61547911366773,3.965499770956744,17.490314765661644
35,0.0,127.94920442607628,3.1881434543994205,182.66716441934582,5.184334761160218,17.306795915357004
36,0.0,138.99765504859755,4.201279484858285,240.71558303727636,12.291226567295707,11.219060143595131
37,0.0,126.89507075333296,5.842929816205191,334.7752184597073,5.201697234949863,16.841010313370035
38,0.0,95.96215419070114,1.4042546781527534,80.45786641965454,2.419445671117206,14.237359467131759
39,0.0,99.40995256480691,2.652734672749738,151.99050091657756,5.86260035927897,14.778620137928211
40,0.0,118.29056774097482,1.0363581190245412,59.37894628422284,11.49792147606988,2.651226947960021
41,0.0,84.28942943563422,2.495166583377807,142.96251440962578,9.187288590419698,10.929172450210661
42,0.0,124.079559028588,4.513397520552922,258.59862919249264,3.087493158511765,5.653272238327945
43,0.0,99.84217355176857,4.861516693422602,278.5443885655104,13.755422418957412,1.7364566464422975
44,0.0,135.4203993519944,0.8943145146329363,51.240447245757956,13.336120769859544,8.580996628897838
45,0.0,85.01209950275882,4.953301489677814,283.80327001440224,12.526724115009959,1.0809625672614054
46,0.0,83.89264016636234,3.8358764351528363,219.77953046794514,1.4780760799671908,10.600716888704598
47,0.0,98.05568484587047,0.22370253471014978,12.817211105270387,3.432490820257742,18.730573367524606
48,0.0,110.1545556617193,0.38827146246990374,22.246316104897623,1.752387383040702,16.329786397754955
49,0.0,90.9081488861705,3.0655878630028393,175.6452462765919,11.775148861684315,19.327928276475212
50,0.0,126.17125839181115,1.8541107243048611,106.23271925261268,4.756736925984428,9.162217133914172
51,0.0,128.9162595682345,2.3268215432810906,133.3170541101233,10.992813002779263,11.90636111743557
52,0.0,115.98044296930628,4.665034272153388,267.286775078273,6.27207195296536,8.783972949979683
53,0.0,89.36749205741907,3.2647890642027915,187.0586343792855,11.591304330903046,12.766120733026602
54,0.0,135.04573278856793,3.0449687308060733,174.4638570244949,11.557204766477446,19.527407476824166
55,0.0,77.94205172894254,5.832570533890545,334.1816753042935,2.699337084475279,14.668063939159552
56,0.0,117.94507756996715,1.4154055480584233,81.09676420314887,0.33110828569343287,1.1696758052939398
57,0.0,129.43112476125387,5.639755762485043,323.1342026749785,11.383306176921323,10.346056514720493
58,0.0,72.12940311792781,3.3752119343218956,193.38539879883143,4.984535052776657,0.20343259187863616
59,0.0,79.57454345288886,0.27222177117882573,15.597158580122747,13.197627633715117,18.246448716999133
60,0.0,109.10533363518171,4.260618037929852,244.11543169069023,14.757902804676945,17.556964038537473
61,0.0,120.87615828856502,5.716728221961958,327.5443997417475,0.10105746993015163,6.059776031511907
62,0.0,84.45890435412045,2.5405104832532706,145.5605284991536,9.384891325895882,12.642432352970946
63,0.0,99.5719033858707,3.481531192887311,199.47704359558986,9.162271198384184,8.830828701807816
64,0.0,118.7669403348199,1.96841187468979,112.78169276315924,12.141871839365075,6.259946301153919
65,0.0,132.7013612273343,3.1574338135752806,180.90763160975996,10.874794234975067,14.980612643839805
66,0.0,138.0601658972904,1.6507564198579778,94.58137586198785,9.768481974269557,10.268873861501664
67,0.0,124.43936345753694,5.778941120023841,331.10893623197103,2.7599855899436294,1.9530302877602974
68,0.0,110.99964106814501,1.93435132004433,110.83016673409968,5.711600804326261,8.54705977321388
69,0.0,100.96925557876602,6.200263599238216,355.248936104943,4.415818402911294,1.844615943958491
70,0.0,98.94046617430637,0.8307150403192689,47.59646578833412,10.251618965076137,6.443956065074212
71,0.0,120.54164726519252,3.861997556036371,221.2761604507227,5.651339683473754,3.9362981607045793
72,0.0,78.67117872534119,6.095145500838427,349.2261127161943,10.669294007437369,19.590853055631662
73,0.0,137.0564215093318,3.4941522233060125,200.2001753716877,3.330476398771479,14.402422592072814
74,0.0,135.98313522044404,2.443849424114095,140.0222577672144,2.1288494948140952,0.5913804370559692
75,0.0,108.56498767282635,2.6879548146147525,154.00846639929492,12.656946317058969,3.264385178201418
76,0.0,73.23947226883065,3.132115409287753,179.4569939000787,8.986975591745596,5.168464168660232
77,0.0,91.18304773218398,4.909295747473396,281.2819267117484,3.5717567393030647,4.305473691947351
78,0.0,111.44358560944917,2.1648648061479854,124.03761660868668,3.930216806958058,17.17700279912151
79,0.0,88.80482080838729,0.45898147963000113,26.29770165746883,8.625357712093097,9.819393649037572
80,0.0,80.71229998470525,5.151647683261512,295.16766978923295,9.518862127979897,1.3896859748616617
81,0.0,78.23960068358917,1.2116393229388511,69.42181949648476,0.18225540733833157,9.233031810520258
82,0.0,137.6437825572494,3.104320507253038,177.86446332150996,11.187885168732342,7.045910537724236
83,0.0,101.4372782300084,2.3965667499388883,137.31316009288284,3.5988921235765012,7.807770708687677
84,0.0,72.42054009588298,0.3304109235696515,18.93115142556065,14.96535307293728,0.8224943622238658
85,0.0,131.85782665890952,1.2386107449707413,70.96716814637823,14.349275633619047,2.1786214596659157
86,0.0,108.80780574414442,2.0479957124481944,117.3415107841697,8.77944490710872,7.11102012835515
87,0.0,72.85251495817057,3.799517522795205,217.69631824216683,0.4251312714754505,16.87447847581131
88,0.0,109.65896890032215,1.8682201506727458,107.04112983484308,14.301184718282322,4.382808747352383
89,0.0,70.80577097606746,2.7483291134141816,157.46765891156397,3.207861724887593,6.208240091473352
90,0.0,115.07001739619747,5.162259690506165,295.7756930165138,5.781208689593164,9.575256776570914
91,0.0,117.22295050345603,2.9364259760371856,168.24481527951414,13.251360113091977,0.29591729354997476
92,0.0,113.92210421754844,3.7768866876802987,216.3996669032262,8.239973475334697,12.205285428080305
93,0.0,83.60670172046386,5.252279319584138,300.93343783601483,9.290511951549492,18.847522919102474
94,0.0,75.21386884911844,2.7892260293753135,159.81087959123803,8.930825753229701,15.455761240012366
95,0.0,80.96222940954854,0.5463876170081283,31.30570443277619,1.1411909645251654,15.802817153515694
96,0.0,124.65473077871309,3.66328750634191,209.89091325639524,1.6938223044379903,18.35245631597165
97,0.0,107.93023257741429,5.406021318648415,309.74220551630214,5.487767395800972,3.760032911355556
98,0.0,130.24118761829845,2.217001876066698,127.02485067120739,7.804197202206209,19.38646488344955
99,0.0,70.06415548998785,3.2289970503686685,185.00790304631641,6.326568498428036,13.50103100028618
100,0.0,124.96503564883075,0.026311979334212143,1.5075653664857975,1.8805622400139637,2.1564833501710075
101,0.0,121.67159837425086,4.160669987846685,238.38883025036256,7.862888137424332,5.082957588563755
102,0.0,119.52462718720349,2.881037213331269,165.07127294401351,8.843806503017728,2.67355599415308
103,0.0,77.5606869179732,4.742484461460018,271.72434404803215,5.438060434280034,19.164565215416296
104,0.0,122.09428766101662,4.336554287637884,248.46625831101196,4.593721139012463,18.488890199527994
105,0.0,129.52646559736058,3.616252703071049,207.1960175387468,3.789218410849601,7.97617464490453
106,0.0,71.67311099028335,2.5961414154425917,148.7479461239802,13.43100665251266,14.601121734406615
107,0.0,130.7033542827187,0.7853283918166398,44.99600238288972,6.958055780314087,12.498975224216496
108,0.0,97.25216761879234,1.8088281889688518,103.63822109220733,1.1775092638576323,17.18597571474767
109,0.0,136.6757376915075,5.977601998123553,342.4913661014474,5.2756293811874855,7.5606772305194365
110,0.0,134.64763301189822,2.698176541750223,154.59412822349174,6.6354080684329375,5.291913965552026
111,0.0,82.71769819807366,0.6095741608656531,34.92602671783063,10.197909664864328,7.843391756558404
112,0.0,105.36096291272818,3.929756954461995,225.15848800285636,13.618471686279054,0.8849322139586064
113,0.0,120.35780368609065,4.5624085663088,261.40675526382705,6.48024114906775,1.1835291981691842
114,0.0,80.41889081209388,4.791771915102538,274.54830712469527,7.976539500631023,19.67089732679074
115,0.0,133.26223886894257,2.3418008755157285,134.1753066270923,1.008775769306765,18.942214489094766
116,0.0,100.83267807379845,0.025945085958053227,1.4865439245005858,14.0363015004047,3.4562680008723037
117,0.0,81.69033267931027,5.105257931567375,292.50973280449904,4.139529475753241,17.963261755022643
118,0.0,139.1887590073735,2.038666074624625,116.80696191249353,0.9139264449476165,16.592199374870365
119,0.0,128.30878077211193,3.0000433915885667,171.8898246941382,13.129906088858121,19.079539275990065
120,0.0,135.86294903463914,5.370105077169999,307.6843564636162,12.238639426444276,5.758707309739352
121,0.0,101.84168141005748,4.44464934348003,254.6596487969979,12.61829799357708,3.6590217386918615
122,0.0,73.97760554674153,1.063501403443555,60.934141923555536,0.48199205370682474,11.665659926929267
123,0.0,87.54534761397366,5.300126122053774,303.67485768072106,10.559244414658336,10.54309426584364
124,0.0,121.51022511735067,3.7071923829175324,212.40647738422118,3.2764170640103165,7.240927562073624
125,0.0,132.81601115401995,2.6301886414922873,150.6987084807556,7.535898348197312,11.566941711103942
126,0.0,101.7907309092227,4.085051885288625,234.0562321189983,14.832489096169697,11.031575345276895
127,0.0,135.0132423975026,1.7487310110943555,100.19490643935171,4.0892492928365005,0.9753592205048012
128,0.0,127.30309088573478,5.216171177833667,298.8645937076527,8.160137572406176,7.981315442249132
129,0.0,112.85711711701313,2.2935869683165446,131.41285323074368,10.124144641771181,18.303238067388158
130,0.0,106.38147865479807,6.1243604362827995,350.90000521590395,9.878991504073259,2.0620794289325177
131,0.0,105.66139680421287,2.0932703514836026,119.93555651987683,6.130984126911644,6.851886562301075
132,0.0,117.78359365704,4.598383021540416,263.4679397188809,9.580505550125482,16.44584704378124
133,0.0,102.10504268594957,1.7056011731230918,97.72374875251522,11.753354604958087,5.07026257875825
134,0.0,90.53406788869376,3.719944226794771,213.1371042193967,1.2722930825331407,0.6778678104063491
135,0.0,92.30396774052312,1.6780295956133569,96.1440137266896,0.5865041694862994,19.460897814541134
136,0.0,137.1886351767892,0.24888468627266658,14.260042108861372,12.073258341521498,12.09754211445459
137,0.0,132.2174817507511,5.664022005579179,324.52455598891095,8.330641381652077,11.155657556952123
138,0.0,113.1138260139324,4.0141272386992615,229.99254920597087,0.6907699461346262,13.356134753313748
139,0.0,129.98788214065888,5.555422758057787,318.3022774476387,14.150332865017193,15.079885913209536
140,0.0,89.78765932795335,2.240253625239918,128.3570777651297,7.003282166162222,3.3808528503994673
141,0.0,123.26007707417918,5.469349122924681,313.37062142716275,8.39480773887683,8.120721847652495
142,0.0,93.66638158762609,2.099981320721199,120.32006673363324,9.473152094125293,2.8186911762312903
143,0.0,98.57273274525633,1.5662762510939765,89.74101873925764,2.8783793006233402,3.5823515741835097
144,0.0,103.40073557663092,0.5920920626107136,33.92437627078958,10.919806109040357,14.343842820998564
145,0.0,107.37216859175155,3.023130905579771,173.21264180528345,9.257842703072011,5.4796619447100365
146,0.0,87.46737829717335,0.9592526439991196,54.96112798791481,4.639787005317988,6.490040503606593
147,0.0,95.83702925897278,0.3513515769743867,20.13096248589823,7.26485420689398,3.1297921992358555
148,0.0,84.83000653303903,2.873675278170449,164.64946513024955,8.580882686133474,4.943547833848785
149,0.0,123.0074926404319,4.391406080083475,251.6090345168719,9.059804163630165,14.105468166328386
150,0.0,128.57546995946623,0.6408676545331766,36.719011831199104,2.319266672321814,4.464817378932616
151,0.0,118.64643675939001,1.999759835458136,114.57779861152714,5.522563093861963,5.956372051376796
152,0.0,85.5976388981747,0.5572209553880914,31.926408999985163,11.841344354132124,1.6412290658615873
153,0.0,110.3484851043035,2.189215627830879,125.43281591879214,13.559648441586361,15.898749928020539
154,0.0,94.39458219625445,0.28859257403657823,16.535136491112674,2.9342122227486778,5.861122951338131
155,0.0,93.07334633929324,6.278345230044039,359.7226840076154,12.467215130960348,10.170608161035108
156,0.0,126.74698626695574,1.5288346395483574,87.59577241952537,12.870822146153111,15.548848313219196
157,0.0,104.57512810829215,4.878398340964393,279.5116357208825,4.371952274044759,16.765551942256785
158,0.0,120.07291991760646,3.337098124254455,191.20163834080384,7.3603939510596135,4.8212654681615925
159,0.0,81.60105304123002,5.017649124971477,287.4901179383762,3.6525944652621503,7.61512687209248
160,0.0,126.46961268012745,1.6312720963073222,93.46500635586793,4.9161130108132305,3.063014651001594
161,0.0,134.1047059545764,4.633997089045312,265.5084754782055,8.06536354148741,4.203327714637744
162,0.0,75.45340499137885,2.1462886725191597,122.97328255208393,10.512456435406918,17.7578038643391
163,0.0,103.03406076707601,6.245583995082594,357.8456035126881,8.437698506207688,7.35532592063568
164,0.0,88.49886400979014,3.6799853453477396,210.8476289584182,12.33843522488906,3.909863449806438
165,0.0,100.52199940953038,5.047096351550959,289.17731973974594,10.760058146526656,19.785055431917726
166,0.0,70.42676188189327,1.6006338538000222,91.70956436850132,7.694984983748093,9.367953322670342
167,0.0,103.59578158694194,3.7624502854446282,215.57252198376906,11.988526683924572,14.755693122245345
168,0.0,104.26393429561504,5.7877489114429626,331.6135855071182,8.184419937683769,15.418152164633495
169,0.0,106.91168808608252,1.191370185378144,68.26048345988615,11.038163762327315,1.4800065504659603
170,0.0,117.46430251567108,1.173177705373038,67.21813113671743,0.6471821195290346,2.9554850656035985
171,0.0,131.50062803258604,3.3070939668934356,189.48252675617107,2.061613719419059,18.779522768329944
172,0.0,102.76611179071844,0.5149522389168304,29.504589940746804,14.07767168577534,18.634896281890942
173,0.0,104.08044887972426,1.1222147710334571,64.29817008745712,8.728625015322871,13.848528819698842
174,0.0,86.65946796499088,6.152518351603497,352.51333492366666,1.3897284459375925,9.918021145133055
175,0.0,94.66851420783118,3.5224653275884545,201.8223967519854,2.5081856137635583,1.3308453656485213
176,0.0,94.79800221612093,0.6990599341214305,40.05318385185134,0.35768648836261274,5.727858004052117
177,0.0,113.74268182688479,4.489256981101699,257.2154781667685,13.782396476028506,8.40887960364713
178,0.0,122.6058359279588,5.324458895467053,305.0690229011501,1.8081593780026655,13.439117658388433
179,0.0,116.72726257307512,4.55445388443067,260.95098556484095,0.7507719912512547,13.051541838052655
180,0.0,86.9967853708842,0.4949160016533054,28.356598108224073,6.57930450009567,8.34195723389217
181,0.0,88.05919466754048,3.3953724263810225,194.5405099067264,5.062383976936589,12.431823511050204
182,0.0,76.60423404563,2.9830206380325364,170.91449275968637,6.39166508525618,0.5124295509533994
183,0.0,88.35197718129932,2.9285010681512302,167.79075150461895,4.468019319368297,16.22188182843094
184,0.0,114.43365483845193,3.2833401719527155,188.1215345586486,6.0656632521349145,13.15643388295793
185,0.0,86.043099350049,6.002353931420124,343.9095474141303,2.6191431052132126,17.069499464775983
186,0.0,96.31614994634849,2.5204470743835135,144.41097984827118,8.042204884447433,9.790693763751667
187,0.0,71.1418432626127,3.5564421327658624,203.7691242899891,2.2572326758562262,12.835413508098197
188,0.0,134.37141791922056,3.985366488264299,228.34467959041848,10.811643840343635,9.005811825570326
189,0.0,77.60532968635277,5.882461811021214,337.0402349183984,8.88441773094133,11.8035169618759
190,0.0,79.70343461139046,3.570020351990069,204.54709894483955,0.8161964738781071,5.559901705189726
191,0.0,74.2590276907882,4.122092151501718,236.17848304504957,7.788426385370144,15.718983071945198
192,0.0,136.41795262590412,1.7892460241718928,102.51624569561193,13.476577549408232,10.455488756529922
193,0.0,102.5390242727403,4.222502190531203,241.93155450218293,1.4074961958234402,11.098580246896985
194,0.0,83.39936457902023,5.439261468621538,311.646725820144,7.177613769641148,16.424201233788764
195,0.0,95.38268953437198,0.196370069800484,11.251176222257117,6.044568186163096,16.054967333662574
196,0.0,100.16318985434651,5.543255980462592,317.60517244115965,6.735305792047875,8.19110040583163
197,0.0,89.23203231363506,1.3813080019733202,79.14311872071963,2.019409655672159,11.789743726150123
198,0.0,93.46051045752151,4.36026216877211,249.82461984120093,14.574329080473753,1.8325689644913705
199,0.0,80.07169807097948,5.183735665700635,297.0061757560846,4.514870610175523,2.3727587680508426
200,0.0,123.4783514237392,5.609941324990508,321.42596123798506,2.1782612914895525,0.7050683779010747
201,0.0,96.71834274120013,1.4874886260437163,85.22682034601854,11.682271477788191,10.002992938166384
202,0.0,91.45483720533382,0.8811558136136055,50.486509213475806,1.283243482592721,17.798035796284275
203,0.0,125.81761981682389,3.197026716553031,183.17613784905598,13.983387958621268,7.44594824623398
204,0.0,122.38452756571348,3.4534294930208147,197.86693479609627,13.044065750259714,19.17967565745606
205,0.0,94.03953172656067,2.827765106189402,162.0190060390158,2.8080120835932423,12.989073234410899
206,0.0,71.90111328864333,1.4430505340315487,82.68070522410731,7.560974329823546,8.71013427244838
207,0.0,79.00998998202331,2.821887052712595,161.68221838304257,4.288919476992874,0.11991810346849796
208,0.0,116.32502819259143,4.317364459732058,247.3667621624258,10.608316732514545,6.097877556372844
209,0.0,107.22345099747217,0.9351801018041943,53.581872917995,1.5542207896801576,15.247141585193546
210,0.0,139.7924337878688,3.5953724515600807,205.99966725199664,11.939388104799413,18.513405149263686
211,0.0,119.83354372627583,4.943847752377026,283.2616107664417,13.843499123561564,19.92814927607976
212,0.0,76.73445005223275,5.095382628002678,291.9439195888314,11.096007371768097,13.634850132166456
213,0.0,111.17980113103432,4.987108611375167,285.7402754051457,7.42982126905465,14.018109074089878
214,0.0,133.6423843614417,5.063525802234087,290.11865792360754,2.5611184865665857,12.35065749737501
215,0.0,125.39248736336376,5.351272457901484,306.60532686235354,10.086983529818898,18.05362588158947
216,0.0,71.44355747976599,3.964091576947604,227.12571696245675,11.326694933645607,10.830270407847225
217,0.0,106.71201570374569,4.788092975844586,274.3375194321296,6.553859427323702,4.619376083919927
218,0.0,114.78959332260257,5.5852285910483435,320.01002588286934,6.758255964204212,6.343418971149037
219,0.0,123.67689974717626,6.063792591904884,347.42972335884417,10.454764729783978,16.658460079675674
220,0.0,75.97817499102618,0.801229695065798,45.907079947824144,9.790018894344364,4.706170389609143
221,0.0,107.82651944152848,5.756632616219091,329.8307531167073,9.980585066874038,16.153867229969652
222,0.0,125.61600495107152,0.4324889987490903,24.779794314161613,6.230384890115768,11.42285556046156
223,0.0,79.13362163263693,4.1839872267766225,239.72480963094614,12.727353337458098,19.90667282743049
224,0.0,106.09694022851623,0.1786694387447203,10.237004768043663,11.21840216633762,10.0983253157771
225,0.0,133.36549480726507,0.11780060586953756,6.749477540408535,3.464490578771592,3.190160137235573
226,0.0,111.76006633441321,1.3016612283451698,74.57969473999276,14.41780043301417,14.925549115994775
227,0.0,74.74750880949604,1.5126592304765898,86.66898974781546,14.464285587525984,17.882294513889597
228,0.0,104.78066961868109,4.465673490487411,255.86424368838345,11.445660074635487,6.973162579611289
229,0.0,85.99416961459328,1.941727892664832,111.25281321252619,13.291943520116192,4.5086480393173805
230,0.0,108.23339899033638,1.084661876126738,62.14654770080379,5.360393623562082,11.307913506633897
231,0.0,96.89652128003905,4.044044102026571,231.7066592108954,3.7620377307783603,17.356300231218718
232,0.0,95.19987944798541,2.5816394705769925,147.91704588844993,12.401872221583883,7.222879115339345
233,0.0,91.80944449372768,4.619186777745378,264.6599071474444,14.688987743019304,2.4771542353900324
234,0.0,75.76159617479172,5.506533613954974,315.5011358265406,13.935019069487797,13.534302293662213
235,0.0,112.29368551456352,2.4296497021223367,139.20867362682753,14.194884878294435,10.793081942771721
236,0.0,90.37858746455296,0.06342757203108595,3.634132182143248,6.899446770914183,11.503502859551837
237,0.0,114.32537737850117,0.9993011897183215,57.255740633261794,4.241496677409629,15.146962562661287
238,0.0,85.28118830231787,0.09798048779696344,5.613868425399071,12.930689265723103,18.128204724032436
239,0.0,86.33389992905256,2.7595771668152564,158.11212489918333,14.915071272842837,10.664653528520814
240,0.0,81.29910538080334,5.896476197991197,337.84320014424156,9.934102554234268,17.640914229054523
241,0.0,76.19221723817172,3.9080208114556187,223.9130987456982,2.978468086959439,13.752879768851596
242,0.0,83.13275354418725,6.207013716892068,355.63568935772554,10.422402836694284,18.332553051259328
243,0.0,114.86657419159933,5.702394654014798,326.7231467930112,6.031264568706609,9.366961084326999
244,0.0,71.22125100983271,3.4158212232952083,195.7121396660294,3.0296507853042023,17.686354671301036
245,0.0,78.40376123959113,0.8051343897362577,46.13080247272871,6.24793372658526,12.619412661659414
246,0.0,136.28470968220782,0.9861054311888329,56.49967936204834,1.832614466169356,9.346389691206591
247,0.0,86.76609642951391,5.683113584115209,325.61842286326805,4.839823319829825,14.138470789668698
248,0.0,82.11972046217139,2.5877732507353848,148.2684856039869,12.076910666252006,12.064898590932078
249,0.0,130.53377521145202,0.1756363496251887,10.06322156260745,2.8695623611206695,7.716355809133143
250,0.0,97.995469703385,2.3656374228623536,135.5410401882177,4.677348467434762,8.130045232008023
251,0.0,79.30183902323381,4.410737798361103,252.71666038491588,11.641696597789078,12.567080247642926
252,0.0,74.63234915394895,6.042637363994513,346.21761808494256,5.400501092589931,5.873863925283084
253,0.0,75.56275443035645,4.934685317793917,282.73664193476486,5.9822919057207,17.858539045220848
254,0.0,129.82748333410703,4.5197496063144715,258.9625768977346,11.027967808233164,11.014552705716024
255,0.0,136.35585240737402,2.477497200981701,141.95013337172614,4.6726453435226585,12.404594786304578
256,0.0,121.18082993798231,3.0938554760400825,177.2648612005349,8.465059052998411,9.070866556766486
257,0.0,90.09512215853688,0.8511527185184078,48.76745849219132,14.18983202150982,16.59213058169927
258,0.0,72.05748100551142,1.591639751040991,91.19424023990186,9.845109977308935,14.470987369947157
259,0.0,87.06501782345586,3.323828442618592,190.44134158758663,12.362482128961695,12.582703472794037
260,0.0,109.95472982858958,3.867717424723039,221.6038847858378,13.693795880090903,4.639566150741513
261,0.0,79.81679470847493,2.4716820845100367,141.61695174052278,1.1219688093520883,2.9001806496761198
262,0.0,113.36163712203422,4.587767709721379,262.8597271534348,2.793124047648911,17.744859169991493
263,0.0,135.1046948498886,1.772218996739971,101.54066888610934,3.357915648726122,17.992227151006965
264,0.0,81.18116243344505,1.2097045904514216,69.3109674904682,11.580486047773682,8.990863676392392
265,0.0,115.58417171917071,0.2252775854618645,12.907454865862547,0.864670069374049,10.119010776655495
266,0.0,109.22902085448587,3.043327763296869,174.3698365118994,14.068717649262107,15.18548593503847
267,0.0,138.3790414471462,5.113352939420379,292.97354258960144,8.06672906508136,13.278790393696388
268,0.0,70.86520937564075,5.5788214529281674,319.64292390982587,1.551734979312731,9.466082842837496
269,0.0,97.62761315982075,4.07526887686819,233.49570702556645,5.29312244501306,13.818688187121982
270,0.0,82.1753788681304,1.9518622908922014,111.83347145885932,9.20694845237904,14.140394216186987
271,0.0,74.93171427667812,1.8539868067097034,106.22561929740274,3.992226592187216,4.839022267601527
272,0.0,117.38456348078445,3.2810541553622308,187.99055545611694,13.567112876300467,6.749999166707166
273,0.0,81.95885392951268,1.8508399595245504,106.04531823492086,3.303604279765061,14.36957497319181
274,0.0,132.57817285828304,0.8658513242209596,49.60962656367445,3.965499770956744,17.490314765661644
275,0.0,84.24901373749417,1.9199406162683588,110.00449422792327,12.916814495212936,9.546821246420254
276,0.0,138.99765504859755,2.1324538942852165,122.18060814877953,6.574123161223153,11.219060143595131
277,0.0,79.81679470847493,5.842929816205191,334.7752184597073,1.1219688093520883,11.056636256140418
278,0.0,115.73562577436275,5.721186423662248,327.7998358833921,2.419445671117206,7.537690736687374
279,0.0,107.55726595651686,2.652734672749738,151.99050091657756,1.264496345214149,14.831223590601851
280,0.0,73.25975297650672,5.919583180602041,339.1671327251251,11.49792147606988,3.908900859118428
281,0.0,127.53540518936592,2.495166583377807,142.96251440962578,9.842825542571092,10.929172450210661
282,0.0,124.85638468069853,4.513397520552922,258.59862919249264,3.087493158511765,13.616840139134545
283,0.0,99.84217355176857,1.4204434518670292,81.38541482897487,3.5742851067676726,14.73612459541516
284,0.0,111.4635444096912,4.144427276733877,237.45819145574842,13.336120769859544,8.580996628897838
285,0.0,131.3562958003268,4.953301489677814,283.80327001440224,0.7288414885353207,1.5831487508487871
286,0.0,114.69060007821368,2.472420754948094,141.65927443907452,14.691610588017655,5.081034492718409
287,0.0,98.05568484587047,0.23092983545424328,13.231304935178704,3.432490820257742,12.270316090946901
288,0.0,107.58068309255758,2.067272403567903,118.44598382830631,5.168259105320427,16.329786397754955
289,0.0,92.96579790259206,5.623538375478157,322.20501484475363,1.305242624497958,14.199892272579394
290,0.0,70.33555229889491,5.526611054227779,316.6514884175983,4.756736925984428,9.162217133914172
291,0.0,88.02580112516347,5.85205986604759,335.2983317824208,10.992813002779263,19.230620029222962
292,0.0,86.05624511092387,4.416504585124633,253.04707292781808,5.279177963018129,11.841073861178756
293,0.0,95.54290133710337,3.2480087180401034,186.09719136539493,8.603606060432503,0.9674910179437788
294,0.0,118.69640533862737,4.374711594740749,250.6525109655907,0.4282297640108643,19.527407476824166
295,0.0,113.29884043716689,0.19813280852241766,11.3521737114082,2.1204757042245284,14.668063939159552
296,0.0,89.2614707900986,5.764241109639148,330.2666876781296,5.914807760516631,1.1696758052939398
297,0.0,95.54279104940963,2.826406553548901,161.94116670646872,4.022667562329358,17.769764335484638
298,0.0,72.12940311792781,5.697388342758951,326.43630628712236,4.984535052776657,9.472124973534482
299,0.0,79.57454345288886,0.27222177117882573,15.597158580122747,11.261313900290203,6.659314241072604
300,0.0,109.10533363518171,1.845056024371913,105.71392316169737,14.757902804676945,15.919561146082692
301,0.0,120.87615828856502,4.616902161717524,264.5290082912404,5.940645186039689,6.059776031511907
302,0.0,82.79815981009105,0.5662384918286905,32.443075779636914,11.550281366582475,5.845505986325287
303,0.0,100.08087367178513,4.277103147915456,245.0599589176743,10.099565864593187,11.19207938999887
304,0.0,118.7669403348199,3.9248676433270497,224.87835111009767,5.0723508056174325,11.92337373629067
305,0.0,77.65795670396781,3.1574338135752806,180.90763160975996,10.874794234975067,6.616204817960721
306,0.0,109.59803362727958,1.6507564198579778,94.58137586198785,8.1820777200539,10.268873861501664
307,0.0,124.43936345753694,1.095638516083127,62.77546284353954,2.7599855899436294,15.03097909159651
308,0.0,114.15035109548664,2.2442996766050474,128.58889943204477,14.847628524775487,5.422946066912794
309,0.0,98.07668537531188,2.985372247359748,171.0492300491992,4.415818402911294,1.844615943958491
310,0.0,82.34948192510493,5.148399660865062,294.9815718141524,13.631408719514852,6.443956065074212
311,0.0,120.54164726519252,5.961914130053799,341.5925174714925,7.311593458985848,13.899044988494829
312,0.0,112.67809584535695,3.8160025824807207,218.64084258716812,1.9600854687834328,19.590853055631662
313,0.0,137.0564215093318,5.605801370660328,321.1887593274888,1.9779524953982914,5.755986868424527
314,0.0,133.17315768916322,1.8753020623750332,107.44689348626845,8.892537024070343,0.5913804370559692
315,0.0,105.43574551195474,1.8030285391457364,103.30592563468903,12.656946317058969,1.142927964252232
316,0.0,122.15270615466594,5.900450589641409,338.07091601193076,6.354329876892543,11.499353611335463
317,0.0,80.8191428901838,0.010667022454282193,0.6111753666016508,6.287577340162303,4.305473691947351
318,0.0,79.45475189189176,4.833591790589865,276.9444094898817,5.294907479687248,12.340963193067866
319,0.0,74.63791273272443,0.45898147963000113,26.29770165746883,8.625357712093097,11.955740950635224
320,0.0,80.71229998470525,0.23814802103766386,13.64487650485088,4.921584477631164,3.2191097126074366
321,0.0,106.39630335847268,4.428958950331093,253.7606554906628,0.18225540733833157,11.975220369099569
322,0.0,120.4877763677531,6.043596267015454,346.27255918100485,11.187885168732342,7.045910537724236
323,0.0,101.4372782300084,5.5885649907015225,320.2011875017654,4.528301738180476,14.359602577186498
324,0.0,92.18244205520787,0.3304109235696515,18.93115142556065,1.3066399057106128,11.553620516121262
325,0.0,136.50638422056394,1.2386107449707413,70.96716814637823,8.62242620172271,13.78548850663327
326,0.0,82.91287034523603,5.124872431655227,293.63356087679193,10.344224568350567,15.881426717427782
327,0.0,91.03579508167329,5.9040994844362285,338.27998228356114,1.4096076738620091,4.227116596741578
328,0.0,90.54291780935243,3.6700887504390187,210.28059583859783,9.302815057014708,15.310422177242618
329,0.0,70.26857639692636,4.945546484521114,283.35894094882116,2.5163239442057224,5.5477437917372185
330,0.0,139.62340158709256,5.162259690506165,295.7756930165138,5.781208689593164,19.020502162503497
331,0.0,86.52585881034085,1.7690364658050313,101.35832329536747,13.251360113091977,4.699970357383971
332,0.0,118.83697463418406,3.0522430136420544,174.88064272998108,1.0174203877749175,12.205285428080305
333,0.0,101.12198824083505,5.252279319584138,300.93343783601483,10.483524983359782,16.168431767091384
334,0.0,83.70979923394,2.727639820514305,156.28224974729105,8.930825753229701,4.333226707864672
335,0.0,80.96222940954854,3.164334907497077,181.30303516550225,13.414589649416481,4.034759974156065
336,0.0,83.40066451423758,3.66328750634191,209.89091325639524,2.9049642522488135,18.56992715356072
337,0.0,107.93023257741429,4.189874826264515,240.06214423306577,5.487767395800972,3.622068213409226
338,0.0,90.53165908320163,1.915007309923132,109.72183659529668,4.91519539132289,7.523001913554763
339,0.0,113.05340380215068,1.9485909186439319,111.64603563581726,3.9989681562538197,17.6470971780175
340,0.0,124.96503564883075,2.359520481431596,135.1905652607066,0.7016590400678258,15.73762221614285
341,0.0,139.65638972531679,2.7956321740997017,160.1779246468955,9.28673085639311,6.898771399795974
342,0.0,116.36984870871916,0.7663398843216149,43.908041044172265,7.908862681963555,2.67355599415308
343,0.0,95.82686317703335,2.2379406543968,128.2245542976822,2.803141892140278,14.110193391521914
344,0.0,91.65770522124252,5.935235703436364,340.063956222264,1.7467828968081482,17.954734511252123
345,0.0,129.52646559736058,3.616252703071049,207.1960175387468,7.935387985340663,9.425182953916275
346,0.0,86.73162765208221,3.385508289538521,193.97533649711156,4.887606834621504,5.1315909441497105
347,0.0,109.09397455640497,5.311160203605121,304.30706398441646,3.9193674092449995,17.559007033063573
348,0.0,71.16878227532726,1.8088281889688518,103.63822109220733,1.1775092638576323,17.18597571474767
349,0.0,136.6757376915075,2.5020320486461247,143.35587659389404,10.470332372837419,7.5606772305194365
350,0.0,134.64763301189822,4.252274162035502,243.63736281716302,8.5884582482683,16.210637185047453
351,0.0,82.68741691512774,5.389614485322682,308.8021632115631,10.197909664864328,17.50630110869012
352,0.0,99.16760901337025,5.008361002858874,286.9579477417219,7.531123251283132,0.8849322139586064
353,0.0,134.81686206437303,0.041176082525419044,2.3592157455888914,6.48024114906775,9.61313517801346
354,0.0,116.1553518576516,4.77801034495726,273.7598272358976,5.640993722083985,17.580735457958383
355,0.0,87.13285392046924,6.180783306471833,354.13279754575007,0.12326529067450487,14.42602650774327
356,0.0,119.98423774607726,2.640203942550755,151.27254296195872,11.098937518127004,3.4562680008723037
357,0.0,81.69033267931027,3.0040475262862243,172.11924471291587,3.4202618668081284,14.945001787001884
358,0.0,139.1887590073735,4.189360088318834,240.032651921223,3.343198781173803,1.2036373440441004
359,0.0,86.55935736214218,2.8387953044978858,162.65098984928426,13.129906088858121,3.183031606333114
360,0.0,83.16641970242964,5.633196733446564,322.7583979933699,14.123822053993912,5.758707309739352
361,0.0,101.84168141005748,4.44464934348003,254.6596487969979,7.154087730713304,11.601275340323992
362,0.0,73.97760554674153,5.521104297030787,316.3359744714073,10.521663124900721,5.8425387930450325
363,0.0,114.1317976524847,5.300126122053774,303.67485768072106,7.1749456804866405,14.651546926618765
364,0.0,99.42932405049727,5.299521039373651,303.6401889968936,3.2764170640103165,7.240927562073624
365,0.0,132.81601115401995,4.766131750010101,273.07923387887996,7.535898348197312,15.894035252033362
366,0.0,127.45237907435616,3.567793405543808,204.41950431226712,3.4580576014222624,8.942152794924757
367,0.0,70.63479374959599,3.855043038177365,220.8776959288533,4.0892492928365005,8.572668575004215
368,0.0,111.24515213349227,3.142938291435151,180.07709936929209,6.04988297679943,13.4450974926276
369,0.0,128.26886632561263,2.2935869683165446,131.41285323074368,10.124144641771181,5.999460569649952
370,0.0,116.99929600390549,6.1243604362827995,350.90000521590395,6.97322141218592,2.0620794289325177
371,0.0,115.463517857494,4.595740023428756,263.3165070818218,11.089788208563585,3.8809345262177866
372,0.0,74.88254127074477,5.992668134809804,343.3545921471368,9.580505550125482,0.2441293276454104
373,0.0,76.87201929668198,3.850906392991402,220.6406836183545,7.450328454636278,0.6056233079833486
374,0.0,70.13207997596305,5.355124306941651,306.8260215556766,4.252676901100969,16.250195575901202
375,0.0,79.24202927370106,0.9478322709443576,54.30678881141202,0.5865041694862994,14.034339128917452
376,0.0,89.42780830124441,2.7307780922187135,156.462059470919,1.8717785714971011,11.56049410915374
377,0.0,132.2174817507511,5.033104600024743,288.37565142929805,2.0615976825609277,11.202648214697758
378,0.0,100.40499843597144,0.253575004111223,14.528777525585578,6.09304177709932,12.769927768251156
379,0.0,92.75364668646085,2.0840413993824116,119.4067765151502,2.374130473682971,11.208809055576955
380,0.0,135.9096255928957,2.240253625239918,128.3570777651297,11.383362833711958,5.406076289860746
381,0.0,105.94187728692532,4.7037386376166,269.5043718680469,5.327279610143023,13.011856844192142
382,0.0,93.66638158762609,0.6058504817683028,34.71267562129138,9.473152094125293,1.8170031683650407
383,0.0,133.26491709545212,1.5662762510939765,89.74101873925764,0.5073105509876479,16.291284910004542
384,0.0,109.24871377307264,3.395103164488882,194.52508233672305,7.014758164193571,14.343842820998564
385,0.0,108.23725726699986,3.0075603763123366,172.32051619347453,9.257842703072011,12.893498072589777
386,0.0,86.73419396186577,2.7183534992960814,155.75018273428407,8.498197508471684,17.41325090383781
387,0.0,77.58199896502441,5.540364666074046,317.4395123294505,1.1828601632988072,6.2540398698474045
388,0.0,84.83000653303903,2.873675278170449,164.64946513024955,8.580882686133474,11.973100017420702
389,0.0,75.89488174255138,4.391406080083475,251.6090345168719,3.666431540985618,15.72892260544069
390,0.0,78.37632559024453,4.4714266618008,256.19387612345633,2.319266672321814,9.235637782355054
391,0.0,100.53963482419265,1.999759835458136,114.57779861152714,11.12854043376805,5.956372051376796
392,0.0,88.71768062558813,0.5572209553880914,31.926408999985163,1.7206972378486496,15.133313410249954
393,0.0,84.85224029076392,2.189215627830879,125.43281591879214,1.6677425079145758,13.512939555535091
394,0.0,92.84271721243041,0.28859257403657823,16.535136491112674,2.9342122227486778,5.861122951338131
395,0.0,93.07334633929324,1.8226455378481379,104.42989686705025,1.3315660094710813,10.170608161035108
396,0.0,126.74698626695574,6.170272612239287,353.5305791264727,12.870822146153111,15.548848313219196
397,0.0,95.5715032146174,4.936328069593574,282.8307646796727,5.243558764461807,0.15078004950214208
398,0.0,107.76123305979512,1.3822726844187874,79.19839095341527,7.3603939510596135,12.110581233639017
399,0.0,75.66716711388048,1.2467451031496688,71.4332325390785,3.6525944652621503,5.659546946118654
400,0.0,126.46961268012745,3.7109107115395483,212.6195219211054,7.762358636574114,2.1049752287037746
401,0.0,135.88958549109665,1.4542704948177247,83.32356162345748,8.06536354148741,12.195337360460574
402,0.0,96.20341068366199,5.618523202735313,321.9176666130596,5.502763651279935,17.7578038643391
403,0.0,87.01800392763555,6.245583995082594,357.8456035126881,8.91802666019853,12.392711433523207
404,0.0,105.39671677989064,4.125790677305954,236.39039296405252,2.8739304844611855,11.904178553745702
405,0.0,94.13281882372709,3.7401047279152495,214.29221584646888,10.760058146526656,7.746711811187835
406,0.0,76.39273660565392,4.077018803919251,233.59597046004802,7.694984983748093,6.7677678212637575
407,0.0,88.85060811516121,3.9304365339669918,225.19742504033627,11.988526683924572,14.755693122245345
408,0.0,96.6141701522072,5.351316264340509,306.6078367864252,8.184419937683769,6.706471372135324
409,0.0,99.07368043399276,1.9445209975096451,111.41284633187153,8.797542150885008,9.763444610977137
410,0.0,117.46430251567108,3.296571059812038,188.87960859219865,7.5862632312795455,2.9554850656035985
411,0.0,96.21248952823879,0.15034870628992358,8.614346325664634,1.683842229604033,14.469444306176447
412,0.0,102.76611179071844,0.5149522389168304,29.504589940746804,12.591156329455503,1.8606995219649303
413,0.0,110.70774430469693,1.4394895715673868,82.47667710390633,11.841703584710492,0.32422675403934953
414,0.0,70.83963764339352,3.515902472377324,201.44637284683216,5.634004584385416,3.624567305303941
415,0.0,89.25140588787286,4.329642590710119,248.0702472477775,11.092959854217352,16.499242482122796
416,0.0,82.30957676631287,1.3590649606208118,77.86868632768595,8.457886255909578,8.234628766957076
417,0.0,95.67941053685813,4.489256981101699,257.2154781667685,13.782396476028506,12.588616548294002
418,0.0,102.17753393660139,2.772034634945244,158.82588524645035,3.5533362308756327,5.119607858259977
419,0.0,75.08139423513762,4.55445388443067,260.95098556484095,0.7507719912512547,18.676117164432007
420,0.0,101.09963197989443,1.8196355586507598,104.25743776261831,4.462950424236188,17.49182636672296
421,0.0,104.16199391934245,5.803042473324965,332.4898420566791,1.9907960058775842,17.45088048688964
422,0.0,129.13258337544332,3.940832224722241,225.79305424573522,1.7411964971980067,14.953690986318556
423,0.0,138.82847996191143,2.9285010681512302,167.79075150461895,11.972680258811241,16.22188182843094
424,0.0,84.62857800764733,3.2833401719527155,188.1215345586486,6.0656632521349145,15.573746151328839
425,0.0,134.32431225345843,6.11330868780874,350.2667866721002,7.369798873933535,4.162899587739852
426,0.0,82.32813883913904,3.8691047708155515,221.68337386166274,9.961051030062064,16.754990818231015
427,0.0,99.87455562961317,4.669616428679079,267.54931330826344,14.039933981894716,3.934375711439536
428,0.0,96.61431068343241,3.985366488264299,228.34467959041848,12.839816224540199,16.764717241109764
429,0.0,82.36850283478708,2.297917523226661,131.660975750043,6.721224437394689,13.129521386352534
430,0.0,86.21275886339998,3.3558816442427535,192.277854760533,3.6812812355884486,8.202472734042155
431,0.0,74.2590276907882,1.7109358718300827,98.0294044733997,7.788426385370144,15.718983071945198
432,0.0,136.41795262590412,5.370488350314313,307.7063163971861,4.169232965298834,9.559219506075353
433,0.0,95.11621086782094,3.8194000563614816,218.83550350154164,8.604744488990658,14.933787735322868
434,0.0,129.3213025124365,4.476759227348263,256.4994096233029,1.6102996461752088,12.441649761174784
435,0.0,110.37133800261851,1.4633671145780427,83.84475954355901,7.194083268565212,13.797660742529446
436,0.0,124.69792856593861,5.244433666527041,300.48391502831925,6.9443210052221325,8.398361192907483
437,0.0,73.1468199716327,4.004492435857369,229.44051566668975,1.7108696982559017,15.198582224090776
438,0.0,93.46051045752151,2.2717071670162436,130.15923295965158,11.593043284373852,15.894963390629485
439,0.0,126.26244321844244,3.3916994291923905,194.33006266965438,5.251309437622803,5.008548855134306
440,0.0,131.23817581319824,2.788672396842353,159.77915878369825,7.100519584675545,16.96084115237067
441,0.0,93.72805392655263,2.359206137619179,135.17255468693904,13.749422114541348,10.002992938166384
442,0.0,117.4444720639509,3.422146675880719,196.07456140268928,1.4685607174188284,14.748316264852713
443,0.0,125.81761981682389,3.197026716553031,183.17613784905598,2.6373045131462556,12.214320750949806
444,0.0,114.40700953139607,2.2599286862971057,129.48437572536875,4.530894606803958,19.17967565745606
445,0.0,94.03953172656067,5.54351331294035,317.61991650606683,14.024766252764403,8.457258379396308
446,0.0,136.41827929861597,1.5106721804263104,86.5551401662532,7.560974329823546,3.6044688805822727
447,0.0,79.00998998202331,4.222251941941405,241.9172163141584,7.196508218296092,13.454372532641436
448,0.0,91.92537264973907,4.41334403166239,252.86598655350613,4.767936325478967,3.803034734225551
449,0.0,122.94575120740618,0.9351801018041943,53.581872917995,6.3995598447724245,12.424122247440126
450,0.0,70.56548097168883,3.9641355489153285,227.12823637062422,5.1288023507470015,14.582239574907806
451,0.0,138.85234955266253,2.348792275653506,134.57588434787414,1.8148935811040765,12.907322310367366
452,0.0,127.13282155393432,1.9974171740600535,114.4435740005888,12.636740171532699,9.227375269750976
453,0.0,117.18231862355441,0.6522376324010124,37.37046357618325,3.346019659687471,0.7242668331767366
454,0.0,105.99389550128858,4.658527703315733,266.91397614476404,2.5611184865665857,12.35065749737501
455,0.0,122.18048670307329,5.351272457901484,306.60532686235354,9.597679793910471,7.1313300323246445
456,0.0,90.46954119292926,6.21750161154932,356.23660145756384,10.350195825599567,17.698543221316772
457,0.0,81.43490596562332,5.22972676690677,299.6412717503552,5.399119857754815,4.619376083919927
458,0.0,114.78959332260257,2.4438446530223774,140.0219844037953,6.758255964204212,8.752681383132497
459,0.0,85.40701189347047,4.603087605573424,263.73749252833693,0.6137540305198321,16.658460079675674
460,0.0,79.3518638189866,3.813081610539987,218.47348322288792,4.438478283412792,13.867179993674252
461,0.0,80.98203465148056,4.981724466228524,285.43178661195725,9.035668096732481,5.100628706918921
462,0.0,114.8852376212667,2.5262205223243503,144.74177404851963,5.129848378217986,10.194353076725614
463,0.0,127.40025621692978,0.6839387363643685,39.186803039189,6.779809415913148,19.90667282743049
464,0.0,88.67123036839831,5.015657907698392,287.3760295925349,6.815385411445892,13.939601417777128
465,0.0,133.36549480726507,5.589450248947228,320.2519090630235,2.723833525071343,8.994983012506804
466,0.0,120.78444287464947,1.5345318192407795,87.92219677102881,3.3953358614653286,18.797857818345776
467,0.0,74.47120579091028,0.839916833198874,48.123689684289026,9.259674744008258,17.882294513889597
468,0.0,111.39969380383096,1.8148261215976842,103.98187731764324,3.682279146006162,11.961070095156778
469,0.0,85.99416961459328,0.5974760318109062,34.232854982989046,7.912800314447645,15.361292362752234
470,0.0,108.23339899033638,5.21227611222826,298.6414228875363,4.278335420748567,11.307913506633897
471,0.0,96.89652128003905,0.1583531069207984,9.072964699345615,3.7620377307783603,3.158816530856841
472,0.0,99.27648301929916,5.55005732917129,317.9948610171648,12.401872221583883,15.18451493230603
473,0.0,73.1564268440018,5.534590088269329,317.10865339277035,4.794577427419007,18.22136999933069
474,0.0,77.31538786612614,5.506533613954974,315.5011358265406,6.180477342385045,8.108993818137954
475,0.0,93.86054420478791,4.747748550336761,272.0259541236513,7.010451112473556,9.389917693660824
476,0.0,113.4240862461231,3.3468528408197713,191.76054243034284,6.899446770914183,4.391677247060729
477,0.0,114.32537737850117,4.775140742132982,273.5954111051876,4.241496677409629,11.26041867376521
478,0.0,96.76953761459751,4.985686001960667,285.65876588979927,9.346075772785039,8.95903691388448
479,0.0,86.33389992905256,5.900459755209909,338.07144116032265,14.915071272842837,6.021862626355673
480,0.0,113.21497757733287,2.931077406514986,167.9383648194598,4.520085146261263,7.363437647362327
481,0.0,76.19221723817172,3.9080208114556187,223.9130987456982,2.978468086959439,13.752879768851596
482,0.0,76.19221724817172,3.9080208114556187,223.9130987456982,2.978468086959439,13.752879768851596
483,0.0,76.19221723817172,3.9080208214556187,223.91309931865598,2.978468086959439,13.752879768851596
484,0.0,76.19221723817172,3.9080208114556187,223.9130987456982,2.978468096959439,13.752879768851596
485,0.0,76.19221723817172,3.9080208114556187,223.9130987456982,2.978468086959439,13.752879778851597
